Date,Stock,Entry,Exit,Qty,Invested,PnL,PnL_%,Cumulative_PnL,Result,Stop_Loss,Target,RF_Conf,XGB_Conf
2024-12-13,TATASTEEL.NS,145.56,144.42,1.0,145.56,-1.13,-0.78,-1.13,HOLD_CLOSE,140.56,155.56,0.539,0.717
2024-12-20,TATASTEEL.NS,137.47,138.48,1.0,137.47,1.01,0.73,-0.12,HOLD_CLOSE,132.43,147.55,0.559,0.585
2024-12-24,TATASTEEL.NS,137.18,137.16,1.0,137.18,-0.02,-0.01,-0.14,HOLD_CLOSE,132.27,147.01,0.562,0.621
2024-12-26,TATASTEEL.NS,137.16,135.74,1.0,137.16,-1.42,-1.03,-1.56,HOLD_CLOSE,132.43,146.63,0.573,0.572
2024-12-27,TATASTEEL.NS,135.74,133.76,1.0,135.74,-1.98,-1.46,-3.54,HOLD_CLOSE,131.02,145.19,0.591,0.585
2024-12-30,TATASTEEL.NS,133.76,134.9,1.0,133.76,1.14,0.85,-2.4,HOLD_CLOSE,129.04,143.2,0.715,0.9
2024-12-31,TATASTEEL.NS,134.9,133.62,1.0,134.9,-1.28,-0.95,-3.68,HOLD_CLOSE,130.3,144.11,0.572,0.633
2025-01-01,TATASTEEL.NS,133.62,135.03,1.0,133.62,1.41,1.05,-2.27,HOLD_CLOSE,129.15,142.56,0.619,0.687
2025-01-02,TATASTEEL.NS,135.03,135.21,1.0,135.03,0.18,0.13,-2.09,HOLD_CLOSE,130.67,143.76,0.518,0.639
2025-01-06,TATASTEEL.NS,129.17,130.34,1.0,129.17,1.17,0.91,-0.92,HOLD_CLOSE,124.48,138.54,0.683,0.794
2025-01-07,TATASTEEL.NS,130.34,129.62,1.0,130.34,-0.72,-0.55,-1.64,HOLD_CLOSE,125.79,139.43,0.687,0.918
2025-01-08,TATASTEEL.NS,129.62,126.97,1.0,129.62,-2.65,-2.04,-4.29,HOLD_CLOSE,125.14,138.58,0.714,0.94
2025-01-09,TATASTEEL.NS,126.97,124.53,1.0,126.97,-2.44,-1.92,-6.73,HOLD_CLOSE,122.5,135.9,0.716,0.941
2025-01-10,TATASTEEL.NS,124.53,119.99,1.0,124.53,-4.54,-3.64,-11.27,STOP_LOSS,119.99,133.6,0.702,0.892
2025-01-13,TATASTEEL.NS,120.13,124.04,1.0,120.13,3.91,3.25,-7.36,HOLD_CLOSE,115.41,129.56,0.692,0.824
2025-01-14,TATASTEEL.NS,124.04,123.65,1.0,124.04,-0.39,-0.32,-7.75,HOLD_CLOSE,119.17,133.78,0.686,0.846
2025-01-15,TATASTEEL.NS,123.65,124.9,1.0,123.65,1.25,1.01,-6.5,HOLD_CLOSE,118.86,133.22,0.687,0.885
2025-01-16,TATASTEEL.NS,124.9,127.31,1.0,124.9,2.41,1.93,-4.09,HOLD_CLOSE,120.25,134.2,0.554,0.693
2025-01-17,TATASTEEL.NS,127.31,128.66,1.0,127.31,1.35,1.06,-2.74,HOLD_CLOSE,122.63,136.68,0.539,0.618
2025-01-21,TATASTEEL.NS,126.74,125.98,1.0,126.74,-0.76,-0.6,-3.5,HOLD_CLOSE,122.06,136.1,0.543,0.777
2025-01-22,TATASTEEL.NS,125.98,127.4,1.0,125.98,1.42,1.12,-2.08,HOLD_CLOSE,121.3,135.35,0.538,0.684
2025-01-24,TATASTEEL.NS,126.78,123.49,1.0,126.78,-3.29,-2.6,-5.37,HOLD_CLOSE,122.04,136.27,0.52,0.699
2025-01-27,TATASTEEL.NS,123.49,125.69,1.0,123.49,2.2,1.78,-3.17,HOLD_CLOSE,118.67,133.14,0.551,0.772
2025-01-28,TATASTEEL.NS,125.69,127.82,1.0,125.69,2.13,1.69,-1.04,HOLD_CLOSE,120.61,135.85,0.522,0.69
2025-02-07,TATASTEEL.NS,135.16,130.99,1.0,135.16,-4.17,-3.09,-5.21,HOLD_CLOSE,129.79,145.89,0.547,0.773
2025-02-12,TATASTEEL.NS,129.27,133.14,1.0,129.27,3.88,3.0,-1.33,HOLD_CLOSE,123.52,140.76,0.508,0.595
2025-02-14,TATASTEEL.NS,131.41,131.23,1.0,131.41,-0.18,-0.13,-1.51,HOLD_CLOSE,125.26,143.69,0.507,0.6
2025-02-20,TATASTEEL.NS,134.89,137.55,1.0,134.89,2.66,1.97,1.15,HOLD_CLOSE,128.98,146.73,0.545,0.562
2025-02-21,TATASTEEL.NS,137.55,134.51,1.0,137.55,-3.04,-2.21,-1.89,HOLD_CLOSE,131.59,149.48,0.547,0.815
2025-02-27,TATASTEEL.NS,135.53,134.07,1.0,135.53,-1.46,-1.07,-3.35,HOLD_CLOSE,129.8,146.98,0.556,0.676
2025-02-28,TATASTEEL.NS,134.07,135.41,1.0,134.07,1.34,1.0,-2.01,HOLD_CLOSE,128.27,145.68,0.531,0.608
2025-03-03,TATASTEEL.NS,135.41,136.16,1.0,135.41,0.75,0.56,-1.26,HOLD_CLOSE,129.53,147.18,0.542,0.56
2025-03-04,TATASTEEL.NS,136.16,142.77,1.0,136.16,6.61,4.85,5.35,HOLD_CLOSE,130.16,148.17,0.534,0.586
2025-04-07,TATASTEEL.NS,126.53,127.31,1.0,126.53,0.78,0.62,6.13,HOLD_CLOSE,119.18,141.22,0.682,0.748
2025-04-08,TATASTEEL.NS,127.31,124.28,1.0,127.31,-3.03,-2.38,3.1,HOLD_CLOSE,119.63,142.67,0.703,0.735
2025-04-09,TATASTEEL.NS,124.28,130.38,1.0,124.28,6.1,4.91,9.2,HOLD_CLOSE,116.63,139.59,0.706,0.687
2025-04-15,TATASTEEL.NS,133.3,133.85,1.0,133.3,0.55,0.41,9.75,HOLD_CLOSE,125.6,148.71,0.572,0.757
2025-04-16,TATASTEEL.NS,133.85,134.01,1.0,133.85,0.17,0.12,9.92,HOLD_CLOSE,126.38,148.78,0.554,0.643
2025-05-12,TATASTEEL.NS,148.17,146.02,1.0,148.17,-2.15,-1.45,7.77,HOLD_CLOSE,141.65,161.23,0.529,0.579
2025-05-14,TATASTEEL.NS,151.77,153.76,1.0,151.77,1.99,1.31,9.76,HOLD_CLOSE,144.95,165.42,0.515,0.776
2025-06-12,TATASTEEL.NS,152.89,152.13,1.0,152.89,-0.76,-0.5,9.0,HOLD_CLOSE,147.96,162.75,0.532,0.581
2025-06-13,TATASTEEL.NS,152.13,154.17,1.0,152.13,2.04,1.34,11.04,HOLD_CLOSE,147.22,161.95,0.558,0.639
2025-06-24,TATASTEEL.NS,154.79,156.39,1.0,154.79,1.6,1.03,12.64,HOLD_CLOSE,150.07,164.23,0.508,0.601
2025-12-09,TATASTEEL.NS,160.67,162.23,1.0,160.67,1.56,0.97,14.2,HOLD_CLOSE,155.76,170.49,0.557,0.794
2024-12-23,SBIN.NS,804.99,796.07,1.0,804.99,-8.92,-1.11,5.28,HOLD_CLOSE,779.83,855.3,0.588,0.61
2024-12-24,SBIN.NS,796.07,796.46,1.0,796.07,0.39,0.05,5.67,HOLD_CLOSE,770.92,846.36,0.577,0.575
2024-12-27,SBIN.NS,783.91,772.78,1.0,783.91,-11.13,-1.42,-5.46,HOLD_CLOSE,758.56,834.6,0.593,0.64
2024-12-30,SBIN.NS,772.78,779.3,1.0,772.78,6.52,0.84,1.06,HOLD_CLOSE,746.84,824.68,0.636,0.729
2025-01-01,SBIN.NS,777.59,785.43,1.0,777.59,7.84,1.01,8.9,HOLD_CLOSE,752.97,826.83,0.582,0.528
2025-01-03,SBIN.NS,777.78,761.12,1.0,777.78,-16.67,-2.14,-7.77,HOLD_CLOSE,753.23,826.89,0.629,0.799
2025-01-06,SBIN.NS,761.12,763.42,1.0,761.12,2.3,0.3,-5.47,HOLD_CLOSE,735.75,811.85,0.644,0.928
2025-01-07,SBIN.NS,763.42,755.97,1.0,763.42,-7.45,-0.98,-12.92,HOLD_CLOSE,738.92,812.42,0.732,0.921
2025-01-08,SBIN.NS,755.97,730.71,1.0,755.97,-25.26,-3.34,-38.18,STOP_LOSS,730.71,806.48,0.731,0.974
2025-01-09,SBIN.NS,745.48,728.62,1.0,745.48,-16.86,-2.26,-55.04,HOLD_CLOSE,717.29,801.86,0.737,0.976
2025-01-10,SBIN.NS,728.62,715.14,1.0,728.62,-13.48,-1.85,-68.52,HOLD_CLOSE,700.2,785.46,0.73,0.961
2025-01-13,SBIN.NS,715.14,733.42,1.0,715.14,18.28,2.56,-50.24,HOLD_CLOSE,686.5,772.42,0.737,0.954
2025-01-14,SBIN.NS,733.42,738.86,1.0,733.42,5.44,0.74,-44.8,HOLD_CLOSE,703.94,792.39,0.738,0.964
2025-01-15,SBIN.NS,738.86,751.22,1.0,738.86,12.35,1.67,-32.45,HOLD_CLOSE,710.36,795.88,0.732,0.953
2025-01-16,SBIN.NS,751.22,749.06,1.0,751.22,-2.16,-0.29,-34.61,HOLD_CLOSE,722.33,808.99,0.722,0.949
2025-01-17,SBIN.NS,749.06,763.91,1.0,749.06,14.85,1.98,-19.76,HOLD_CLOSE,721.34,804.5,0.723,0.881
2025-01-20,SBIN.NS,763.91,744.11,1.0,763.91,-19.8,-2.59,-39.56,HOLD_CLOSE,735.97,819.78,0.712,0.924
2025-01-21,SBIN.NS,744.11,738.62,1.0,744.11,-5.49,-0.74,-45.05,HOLD_CLOSE,715.14,802.05,0.703,0.961
2025-01-22,SBIN.NS,738.62,731.22,1.0,738.62,-7.4,-1.0,-52.45,HOLD_CLOSE,709.09,797.67,0.732,0.955
2025-01-23,SBIN.NS,731.22,729.5,1.0,731.22,-1.72,-0.23,-54.17,HOLD_CLOSE,702.48,788.69,0.743,0.946
2025-01-24,SBIN.NS,729.5,734.45,1.0,729.5,4.95,0.68,-49.22,HOLD_CLOSE,701.27,785.96,0.741,0.957
2025-01-27,SBIN.NS,734.45,737.59,1.0,734.45,3.14,0.43,-46.08,HOLD_CLOSE,706.2,790.96,0.729,0.956
2025-01-28,SBIN.NS,737.59,743.52,1.0,737.59,5.93,0.8,-40.15,HOLD_CLOSE,709.85,793.08,0.728,0.972
2025-01-29,SBIN.NS,743.52,747.59,1.0,743.52,4.07,0.55,-36.08,HOLD_CLOSE,716.6,797.36,0.704,0.928
2025-01-30,SBIN.NS,747.59,757.69,1.0,747.59,10.1,1.35,-25.98,HOLD_CLOSE,721.52,799.73,0.617,0.81
2025-01-31,SBIN.NS,757.69,750.92,1.0,757.69,-6.76,-0.89,-32.74,HOLD_CLOSE,731.58,809.9,0.584,0.813
2025-02-01,SBIN.NS,750.92,745.97,1.0,750.92,-4.95,-0.66,-37.69,HOLD_CLOSE,723.89,804.99,0.588,0.793
2025-02-03,SBIN.NS,745.97,763.86,1.0,745.97,17.89,2.4,-19.8,HOLD_CLOSE,719.52,798.88,0.601,0.834
2025-02-04,SBIN.NS,763.86,750.97,1.0,763.86,-12.89,-1.69,-32.69,HOLD_CLOSE,737.17,817.25,0.642,0.835
2025-02-05,SBIN.NS,750.97,737.44,1.0,750.97,-13.53,-1.8,-46.22,HOLD_CLOSE,724.4,804.12,0.644,0.911
2025-02-06,SBIN.NS,737.44,722.69,1.0,737.44,-14.75,-2.0,-60.97,HOLD_CLOSE,710.58,791.16,0.65,0.935
2025-02-07,SBIN.NS,722.69,722.3,1.0,722.69,-0.39,-0.05,-61.36,HOLD_CLOSE,694.79,778.49,0.7,0.973
2025-02-10,SBIN.NS,722.3,716.71,1.0,722.3,-5.59,-0.77,-66.95,HOLD_CLOSE,695.29,776.31,0.652,0.919
2025-02-11,SBIN.NS,716.71,718.72,1.0,716.71,2.01,0.28,-64.94,HOLD_CLOSE,690.2,769.73,0.651,0.904
2025-02-12,SBIN.NS,718.72,713.33,1.0,718.72,-5.39,-0.75,-70.33,HOLD_CLOSE,691.84,772.48,0.619,0.894
2025-02-13,SBIN.NS,713.33,707.93,1.0,713.33,-5.39,-0.76,-75.72,HOLD_CLOSE,687.18,765.63,0.644,0.943
2025-02-14,SBIN.NS,707.93,713.38,1.0,707.93,5.44,0.77,-70.28,HOLD_CLOSE,681.9,760.01,0.629,0.914
2025-02-17,SBIN.NS,713.38,711.51,1.0,713.38,-1.86,-0.26,-72.14,HOLD_CLOSE,687.39,765.34,0.636,0.92
2025-02-18,SBIN.NS,711.51,712.98,1.0,711.51,1.47,0.21,-70.67,HOLD_CLOSE,686.24,762.06,0.64,0.907
2025-02-19,SBIN.NS,712.98,715.34,1.0,712.98,2.35,0.33,-68.32,HOLD_CLOSE,688.17,762.61,0.641,0.762
2025-02-20,SBIN.NS,715.34,707.79,1.0,715.34,-7.55,-1.06,-75.87,HOLD_CLOSE,691.44,763.13,0.59,0.798
2025-02-21,SBIN.NS,707.79,702.3,1.0,707.79,-5.49,-0.78,-81.36,HOLD_CLOSE,684.37,754.62,0.604,0.725
2025-02-24,SBIN.NS,702.3,696.91,1.0,702.3,-5.39,-0.77,-86.75,HOLD_CLOSE,679.35,748.2,0.61,0.753
2025-02-25,SBIN.NS,696.91,690.04,1.0,696.91,-6.86,-0.98,-93.61,HOLD_CLOSE,674.65,741.41,0.566,0.632
2025-02-27,SBIN.NS,690.04,675.24,1.0,690.04,-14.8,-2.15,-108.41,HOLD_CLOSE,667.64,734.86,0.693,0.715
2025-02-28,SBIN.NS,675.24,681.61,1.0,675.24,6.37,0.94,-102.04,HOLD_CLOSE,652.2,721.33,0.738,0.946
2025-03-03,SBIN.NS,681.61,701.96,1.0,681.61,20.34,2.98,-81.7,HOLD_CLOSE,658.39,728.06,0.732,0.912
2025-03-04,SBIN.NS,701.96,715.97,1.0,701.96,14.02,2.0,-67.68,HOLD_CLOSE,677.62,750.62,0.713,0.911
2025-03-05,SBIN.NS,715.97,717.64,1.0,715.97,1.67,0.23,-66.01,HOLD_CLOSE,691.78,764.37,0.588,0.702
2025-03-06,SBIN.NS,717.64,718.33,1.0,717.64,0.69,0.1,-65.32,HOLD_CLOSE,694.15,764.63,0.563,0.679
2025-03-13,SBIN.NS,713.52,708.92,1.0,713.52,-4.61,-0.65,-69.93,HOLD_CLOSE,692.11,756.35,0.607,0.849
2025-03-17,SBIN.NS,708.92,708.92,1.0,708.92,0.0,0.0,-69.93,HOLD_CLOSE,688.09,750.57,0.616,0.765
2025-03-18,SBIN.NS,708.92,730.43,1.0,708.92,21.52,3.04,-48.41,HOLD_CLOSE,689.58,747.59,0.603,0.663
2025-03-19,SBIN.NS,730.43,734.8,1.0,730.43,4.36,0.6,-44.05,HOLD_CLOSE,709.73,771.84,0.622,0.802
2025-03-20,SBIN.NS,734.8,738.37,1.0,734.8,3.58,0.49,-40.47,HOLD_CLOSE,714.68,775.03,0.609,0.726
2025-03-24,SBIN.NS,765.43,757.64,1.0,765.43,-7.79,-1.02,-48.26,HOLD_CLOSE,744.12,808.05,0.66,0.821
2025-03-25,SBIN.NS,757.64,748.96,1.0,757.64,-8.68,-1.15,-56.94,HOLD_CLOSE,736.08,800.74,0.677,0.886
2025-03-26,SBIN.NS,748.96,757.1,1.0,748.96,8.14,1.09,-48.8,HOLD_CLOSE,727.41,792.05,0.638,0.837
2025-03-27,SBIN.NS,757.1,756.31,1.0,757.1,-0.78,-0.1,-49.58,HOLD_CLOSE,735.48,800.33,0.648,0.824
2025-04-01,SBIN.NS,756.51,760.68,1.0,756.51,4.17,0.55,-45.41,HOLD_CLOSE,734.69,800.15,0.579,0.595
2025-04-02,SBIN.NS,760.68,763.86,1.0,760.68,3.19,0.42,-42.22,HOLD_CLOSE,739.08,803.87,0.595,0.751
2025-04-04,SBIN.NS,752.34,730.4,1.0,752.34,-21.94,-2.92,-64.16,STOP_LOSS,730.4,796.22,0.566,0.563
2025-04-07,SBIN.NS,732.2,753.47,1.0,732.2,21.27,2.91,-42.89,HOLD_CLOSE,707.89,780.81,0.633,0.808
2025-04-08,SBIN.NS,753.47,728.05,1.0,753.47,-25.42,-3.37,-68.31,STOP_LOSS,728.05,804.3,0.636,0.867
2025-04-09,SBIN.NS,727.59,739.01,1.0,727.59,11.42,1.57,-56.89,HOLD_CLOSE,701.09,780.59,0.642,0.79
2025-04-11,SBIN.NS,739.01,748.47,1.0,739.01,9.46,1.28,-47.43,HOLD_CLOSE,712.57,791.9,0.628,0.684
2025-04-15,SBIN.NS,748.47,756.56,1.0,748.47,8.09,1.08,-39.34,HOLD_CLOSE,722.14,801.12,0.678,0.85
2025-04-16,SBIN.NS,756.56,781.75,1.0,756.56,25.19,3.33,-14.15,HOLD_CLOSE,730.62,808.44,0.709,0.942
2025-04-17,SBIN.NS,781.75,800.62,1.0,781.75,18.87,2.41,4.72,HOLD_CLOSE,754.11,837.04,0.667,0.81
2025-04-23,SBIN.NS,797.44,797.39,1.0,797.44,-0.05,-0.01,4.67,HOLD_CLOSE,768.58,855.16,0.585,0.663
2025-04-24,SBIN.NS,797.39,782.93,1.0,797.39,-14.46,-1.81,-9.79,HOLD_CLOSE,769.76,852.64,0.59,0.622
2025-04-25,SBIN.NS,782.93,801.26,1.0,782.93,18.33,2.34,8.54,HOLD_CLOSE,753.92,840.96,0.61,0.711
2025-04-28,SBIN.NS,801.26,796.56,1.0,801.26,-4.71,-0.59,3.83,HOLD_CLOSE,771.65,860.48,0.605,0.77
2025-04-29,SBIN.NS,796.56,773.13,1.0,796.56,-23.43,-2.94,-19.6,HOLD_CLOSE,766.96,855.74,0.612,0.636
2025-04-30,SBIN.NS,773.13,781.02,1.0,773.13,7.89,1.02,-11.71,HOLD_CLOSE,742.7,833.98,0.625,0.64
2025-05-02,SBIN.NS,781.02,774.45,1.0,781.02,-6.57,-0.84,-18.28,HOLD_CLOSE,751.21,840.62,0.637,0.839
2025-05-05,SBIN.NS,774.45,758.86,1.0,774.45,-15.59,-2.01,-33.87,HOLD_CLOSE,744.99,833.37,0.626,0.796
2025-05-06,SBIN.NS,758.86,760.82,1.0,758.86,1.96,0.26,-31.91,HOLD_CLOSE,728.56,819.47,0.621,0.854
2025-05-07,SBIN.NS,760.82,753.86,1.0,760.82,-6.96,-0.91,-38.87,HOLD_CLOSE,730.81,820.85,0.63,0.823
2025-05-08,SBIN.NS,753.86,763.91,1.0,753.86,10.05,1.33,-28.82,HOLD_CLOSE,723.63,814.33,0.638,0.84
2025-05-09,SBIN.NS,763.91,785.87,1.0,763.91,21.96,2.87,-6.86,HOLD_CLOSE,733.09,825.56,0.669,0.85
2025-05-12,SBIN.NS,785.87,785.97,1.0,785.87,0.1,0.01,-6.76,HOLD_CLOSE,754.66,848.29,0.685,0.882
2025-05-13,SBIN.NS,785.97,784.94,1.0,785.97,-1.03,-0.13,-7.79,HOLD_CLOSE,755.89,846.13,0.686,0.898
2025-05-14,SBIN.NS,784.94,791.85,1.0,784.94,6.91,0.88,-0.88,HOLD_CLOSE,755.83,843.15,0.72,0.918
2025-05-15,SBIN.NS,791.85,792.1,1.0,791.85,0.25,0.03,-0.63,HOLD_CLOSE,763.25,849.05,0.691,0.824
2025-05-16,SBIN.NS,792.1,795.0,1.0,792.1,2.9,0.37,2.27,HOLD_CLOSE,764.15,848.0,0.689,0.908
2025-05-19,SBIN.NS,795.0,785.65,1.0,795.0,-9.35,-1.18,-7.08,HOLD_CLOSE,768.05,848.9,0.687,0.878
2025-05-20,SBIN.NS,785.65,787.1,1.0,785.65,1.45,0.18,-5.63,HOLD_CLOSE,758.95,839.04,0.683,0.886
2025-05-21,SBIN.NS,787.1,785.25,1.0,787.1,-1.85,-0.24,-7.48,HOLD_CLOSE,761.04,839.23,0.702,0.937
2025-05-22,SBIN.NS,785.25,790.5,1.0,785.25,5.25,0.67,-2.23,HOLD_CLOSE,760.2,835.35,0.7,0.862
2025-05-23,SBIN.NS,790.5,794.4,1.0,790.5,3.9,0.49,1.67,HOLD_CLOSE,766.2,839.1,0.697,0.913
2025-05-26,SBIN.NS,794.4,793.7,1.0,794.4,-0.7,-0.09,0.97,HOLD_CLOSE,770.94,841.31,0.687,0.85
2025-05-27,SBIN.NS,793.7,796.55,1.0,793.7,2.85,0.36,3.82,HOLD_CLOSE,770.71,839.69,0.669,0.84
2025-05-28,SBIN.NS,796.55,797.35,1.0,796.55,0.8,0.1,4.62,HOLD_CLOSE,774.53,840.59,0.65,0.765
2025-05-29,SBIN.NS,797.35,812.3,1.0,797.35,14.95,1.87,19.57,HOLD_CLOSE,775.93,840.18,0.626,0.81
2025-05-30,SBIN.NS,812.3,813.65,1.0,812.3,1.35,0.17,20.92,HOLD_CLOSE,790.07,856.77,0.592,0.544
2025-06-03,SBIN.NS,809.8,806.5,1.0,809.8,-3.3,-0.41,17.62,HOLD_CLOSE,787.88,853.64,0.561,0.642
2025-06-04,SBIN.NS,806.5,806.0,1.0,806.5,-0.5,-0.06,17.12,HOLD_CLOSE,784.89,849.72,0.551,0.574
2025-06-05,SBIN.NS,806.0,813.05,1.0,806.0,7.05,0.87,24.17,HOLD_CLOSE,784.98,848.03,0.579,0.676
2025-06-06,SBIN.NS,813.05,820.05,1.0,813.05,7.0,0.86,31.17,HOLD_CLOSE,792.1,854.94,0.58,0.737
2025-06-10,SBIN.NS,817.05,815.05,1.0,817.05,-2.0,-0.24,29.17,HOLD_CLOSE,797.05,857.05,0.6,0.832
2025-06-11,SBIN.NS,815.05,805.95,1.0,815.05,-9.1,-1.12,20.07,HOLD_CLOSE,795.67,853.81,0.581,0.675
2025-06-12,SBIN.NS,805.95,786.32,1.0,805.95,-19.63,-2.44,0.44,STOP_LOSS,786.32,845.22,0.579,0.714
2025-06-13,SBIN.NS,792.35,792.5,1.0,792.35,0.15,0.02,0.59,HOLD_CLOSE,772.01,833.03,0.6,0.787
2025-06-16,SBIN.NS,792.5,792.3,1.0,792.5,-0.2,-0.03,0.39,HOLD_CLOSE,772.62,832.26,0.591,0.771
2025-06-17,SBIN.NS,792.3,791.9,1.0,792.3,-0.4,-0.05,-0.01,HOLD_CLOSE,772.95,831.0,0.611,0.785
2025-06-18,SBIN.NS,791.9,785.1,1.0,791.9,-6.8,-0.86,-6.81,HOLD_CLOSE,773.17,829.37,0.625,0.612
2025-06-19,SBIN.NS,785.1,796.15,1.0,785.1,11.05,1.41,4.24,HOLD_CLOSE,766.47,822.36,0.595,0.558
2025-06-20,SBIN.NS,796.15,790.2,1.0,796.15,-5.95,-0.75,-1.71,HOLD_CLOSE,777.31,833.83,0.598,0.561
2025-06-23,SBIN.NS,790.2,795.4,1.0,790.2,5.2,0.66,3.49,HOLD_CLOSE,771.89,826.83,0.596,0.585
2025-06-26,SBIN.NS,797.05,805.4,1.0,797.05,8.35,1.05,11.84,HOLD_CLOSE,778.75,833.65,0.654,0.792
2025-06-27,SBIN.NS,805.4,820.35,1.0,805.4,14.95,1.86,26.79,HOLD_CLOSE,787.08,842.04,0.657,0.752
2025-06-30,SBIN.NS,820.35,820.3,1.0,820.35,-0.05,-0.01,26.74,HOLD_CLOSE,801.67,857.72,0.607,0.614
2025-07-01,SBIN.NS,820.3,812.9,1.0,820.3,-7.4,-0.9,19.34,HOLD_CLOSE,801.7,857.49,0.563,0.742
2025-07-02,SBIN.NS,812.9,807.1,1.0,812.9,-5.8,-0.71,13.54,HOLD_CLOSE,794.02,850.66,0.613,0.869
2025-07-03,SBIN.NS,807.1,811.85,1.0,807.1,4.75,0.59,18.29,HOLD_CLOSE,788.64,844.03,0.619,0.883
2025-07-04,SBIN.NS,811.85,806.85,1.0,811.85,-5.0,-0.62,13.29,HOLD_CLOSE,793.66,848.23,0.636,0.872
2025-07-07,SBIN.NS,806.85,812.65,1.0,806.85,5.8,0.72,19.09,HOLD_CLOSE,789.16,842.24,0.614,0.807
2025-07-08,SBIN.NS,812.65,810.95,1.0,812.65,-1.7,-0.21,17.39,HOLD_CLOSE,795.34,847.27,0.593,0.859
2025-07-09,SBIN.NS,810.95,808.0,1.0,810.95,-2.95,-0.36,14.44,HOLD_CLOSE,794.49,843.88,0.617,0.834
2025-07-10,SBIN.NS,808.0,808.65,1.0,808.0,0.65,0.08,15.09,HOLD_CLOSE,791.79,840.42,0.589,0.773
2025-07-11,SBIN.NS,808.65,808.85,1.0,808.65,0.2,0.02,15.29,HOLD_CLOSE,792.74,840.47,0.588,0.777
2025-07-15,SBIN.NS,816.45,831.7,1.0,816.45,15.25,1.87,30.54,HOLD_CLOSE,800.69,847.98,0.528,0.665
2025-07-16,SBIN.NS,831.7,829.0,1.0,831.7,-2.7,-0.32,27.84,HOLD_CLOSE,815.04,865.03,0.548,0.618
2025-07-17,SBIN.NS,829.0,823.35,1.0,829.0,-5.65,-0.68,22.19,HOLD_CLOSE,811.8,863.41,0.603,0.831
2025-07-18,SBIN.NS,823.35,824.2,1.0,823.35,0.85,0.1,23.04,HOLD_CLOSE,806.05,857.96,0.599,0.854
2025-07-21,SBIN.NS,824.2,815.0,1.0,824.2,-9.2,-1.12,13.84,HOLD_CLOSE,807.13,858.35,0.566,0.762
2025-07-22,SBIN.NS,815.0,820.65,1.0,815.0,5.65,0.69,19.49,HOLD_CLOSE,797.64,849.72,0.571,0.769
2025-07-23,SBIN.NS,820.65,815.7,1.0,820.65,-4.95,-0.6,14.54,HOLD_CLOSE,803.06,855.83,0.591,0.809
2025-07-24,SBIN.NS,815.7,806.55,1.0,815.7,-9.15,-1.12,5.39,HOLD_CLOSE,798.16,850.79,0.58,0.689
2025-07-25,SBIN.NS,806.55,797.15,1.0,806.55,-9.4,-1.17,-4.01,HOLD_CLOSE,788.79,842.07,0.568,0.823
2025-07-30,SBIN.NS,801.65,796.55,1.0,801.65,-5.1,-0.64,-9.11,HOLD_CLOSE,784.78,835.39,0.547,0.638
2025-07-31,SBIN.NS,796.55,794.0,1.0,796.55,-2.55,-0.32,-11.66,HOLD_CLOSE,779.68,830.29,0.544,0.793
2025-08-01,SBIN.NS,794.0,795.7,1.0,794.0,1.7,0.21,-9.96,HOLD_CLOSE,777.37,827.26,0.614,0.829
2025-08-04,SBIN.NS,795.7,800.6,1.0,795.7,4.9,0.62,-5.06,HOLD_CLOSE,779.12,828.87,0.561,0.69
2025-08-05,SBIN.NS,800.6,805.15,1.0,800.6,4.55,0.57,-0.51,HOLD_CLOSE,784.31,833.19,0.572,0.696
2025-08-06,SBIN.NS,805.15,805.15,1.0,805.15,0.0,0.0,-0.51,HOLD_CLOSE,788.82,837.81,0.571,0.68
2025-08-07,SBIN.NS,805.15,804.3,1.0,805.15,-0.85,-0.11,-1.36,HOLD_CLOSE,788.57,838.32,0.567,0.688
2025-08-08,SBIN.NS,804.3,823.45,1.0,804.3,19.15,2.38,17.79,HOLD_CLOSE,786.99,838.91,0.612,0.788
2025-08-11,SBIN.NS,823.45,820.6,1.0,823.45,-2.85,-0.35,14.94,HOLD_CLOSE,805.16,860.03,0.613,0.613
2025-08-12,SBIN.NS,820.6,821.85,1.0,820.6,1.25,0.15,16.19,HOLD_CLOSE,803.03,855.74,0.579,0.594
2025-08-13,SBIN.NS,821.85,826.55,1.0,821.85,4.7,0.57,20.89,HOLD_CLOSE,805.07,855.41,0.588,0.644
2025-08-14,SBIN.NS,826.55,827.65,1.0,826.55,1.1,0.13,21.99,HOLD_CLOSE,810.01,859.62,0.57,0.595
2025-08-18,SBIN.NS,827.65,830.4,1.0,827.65,2.75,0.33,24.74,HOLD_CLOSE,810.92,861.11,0.551,0.876
2025-08-19,SBIN.NS,830.4,828.95,1.0,830.4,-1.45,-0.17,23.29,HOLD_CLOSE,814.31,862.59,0.537,0.726
2025-08-20,SBIN.NS,828.95,825.7,1.0,828.95,-3.25,-0.39,20.04,HOLD_CLOSE,813.52,859.8,0.551,0.742
2025-08-21,SBIN.NS,825.7,816.25,1.0,825.7,-9.45,-1.14,10.59,HOLD_CLOSE,810.39,856.32,0.586,0.765
2025-08-22,SBIN.NS,816.25,816.45,1.0,816.25,0.2,0.02,10.79,HOLD_CLOSE,800.93,846.89,0.573,0.762
2025-08-25,SBIN.NS,816.45,807.85,1.0,816.45,-8.6,-1.05,2.19,HOLD_CLOSE,801.55,846.25,0.564,0.774
2025-09-01,SBIN.NS,806.05,803.9,1.0,806.05,-2.15,-0.27,0.04,HOLD_CLOSE,791.75,834.66,0.546,0.682
2025-09-02,SBIN.NS,803.9,812.15,1.0,803.9,8.25,1.03,8.29,HOLD_CLOSE,789.78,832.15,0.557,0.827
2025-09-03,SBIN.NS,812.15,809.4,1.0,812.15,-2.75,-0.34,5.54,HOLD_CLOSE,797.93,840.59,0.562,0.822
2025-09-04,SBIN.NS,809.4,806.6,1.0,809.4,-2.8,-0.35,2.74,HOLD_CLOSE,795.26,837.68,0.558,0.803
2025-09-05,SBIN.NS,806.6,808.8,1.0,806.6,2.2,0.27,4.94,HOLD_CLOSE,792.52,834.76,0.54,0.747
2025-09-08,SBIN.NS,808.8,808.85,1.0,808.8,0.05,0.01,4.99,HOLD_CLOSE,794.95,836.5,0.55,0.703
2025-09-09,SBIN.NS,808.85,818.2,1.0,808.85,9.35,1.16,14.34,HOLD_CLOSE,795.27,836.02,0.535,0.589
2025-09-10,SBIN.NS,818.2,823.65,1.0,818.2,5.45,0.67,19.79,HOLD_CLOSE,803.9,846.8,0.545,0.741
2025-09-18,SBIN.NS,854.35,862.35,1.0,854.35,8.0,0.94,27.79,HOLD_CLOSE,838.79,885.48,0.551,0.573
2025-09-26,SBIN.NS,856.95,870.75,1.0,856.95,13.8,1.61,41.59,HOLD_CLOSE,839.03,892.79,0.443,0.666
2024-11-28,RELIANCE.NS,1265.74,1287.06,1.0,1265.74,21.31,1.68,62.9,HOLD_CLOSE,1225.15,1346.94,0.531,0.715
2024-12-10,RELIANCE.NS,1279.74,1273.12,1.0,1279.74,-6.62,-0.52,56.28,HOLD_CLOSE,1242.66,1353.89,0.517,0.646
2024-12-12,RELIANCE.NS,1257.88,1267.79,1.0,1257.88,9.91,0.79,66.19,HOLD_CLOSE,1222.65,1328.34,0.539,0.687
2024-12-13,RELIANCE.NS,1267.79,1263.25,1.0,1267.79,-4.53,-0.36,61.66,HOLD_CLOSE,1231.27,1340.81,0.535,0.805
2024-12-16,RELIANCE.NS,1263.25,1240.35,1.0,1263.25,-22.91,-1.81,38.75,HOLD_CLOSE,1227.81,1334.15,0.505,0.615
2024-12-17,RELIANCE.NS,1240.35,1248.26,1.0,1240.35,7.92,0.64,46.67,HOLD_CLOSE,1204.71,1311.62,0.532,0.665
2024-12-24,RELIANCE.NS,1217.89,1211.71,1.0,1217.89,-6.18,-0.51,40.49,HOLD_CLOSE,1182.67,1288.31,0.554,0.554
2024-12-31,RELIANCE.NS,1210.61,1216.39,1.0,1210.61,5.78,0.48,46.27,HOLD_CLOSE,1179.36,1273.12,0.577,0.565
2025-01-01,RELIANCE.NS,1216.39,1236.86,1.0,1216.39,20.47,1.68,66.74,HOLD_CLOSE,1185.81,1277.57,0.589,0.658
2025-01-02,RELIANCE.NS,1236.86,1246.17,1.0,1236.86,9.31,0.75,76.05,HOLD_CLOSE,1205.85,1298.88,0.584,0.773
2025-01-03,RELIANCE.NS,1246.17,1214.54,1.0,1246.17,-31.63,-2.54,44.42,STOP_LOSS,1214.54,1309.43,0.573,0.795
2025-01-06,RELIANCE.NS,1213.15,1235.91,1.0,1213.15,22.76,1.88,67.18,HOLD_CLOSE,1178.77,1281.93,0.561,0.562
2025-01-13,RELIANCE.NS,1234.92,1233.82,1.0,1234.92,-1.1,-0.09,66.08,HOLD_CLOSE,1200.43,1303.89,0.542,0.656
2025-01-14,RELIANCE.NS,1233.82,1247.22,1.0,1233.82,13.4,1.09,79.48,HOLD_CLOSE,1199.01,1303.44,0.536,0.671
2025-01-29,RELIANCE.NS,1230.59,1248.07,1.0,1230.59,17.48,1.42,96.96,HOLD_CLOSE,1194.11,1303.54,0.517,0.712
2025-02-27,RELIANCE.NS,1202.3,1195.33,1.0,1202.3,-6.97,-0.58,89.99,HOLD_CLOSE,1170.3,1266.29,0.548,0.639
2025-03-04,RELIANCE.NS,1157.28,1170.92,1.0,1157.28,13.65,1.18,103.64,HOLD_CLOSE,1122.91,1226.02,0.561,0.678
2025-03-06,RELIANCE.NS,1204.79,1244.83,1.0,1204.79,40.04,3.32,143.68,HOLD_CLOSE,1168.48,1277.4,0.553,0.709
2025-03-07,RELIANCE.NS,1244.83,1233.47,1.0,1244.83,-11.35,-0.91,132.33,HOLD_CLOSE,1206.29,1321.9,0.544,0.634
2025-03-10,RELIANCE.NS,1233.47,1242.34,1.0,1233.47,8.86,0.72,141.19,HOLD_CLOSE,1195.28,1309.86,0.544,0.671
2025-03-13,RELIANCE.NS,1242.94,1233.92,1.0,1242.94,-9.01,-0.73,132.18,HOLD_CLOSE,1206.49,1315.83,0.528,0.685
2025-03-17,RELIANCE.NS,1233.92,1233.92,1.0,1233.92,0.0,0.0,132.18,HOLD_CLOSE,1197.48,1306.8,0.556,0.609
2025-04-01,RELIANCE.NS,1247.62,1246.17,1.0,1247.62,-1.44,-0.12,130.74,HOLD_CLOSE,1213.67,1315.52,0.537,0.768
2025-04-03,RELIANCE.NS,1243.73,1211.3,1.0,1243.73,-32.43,-2.61,98.31,STOP_LOSS,1211.3,1308.59,0.521,0.633
2025-04-08,RELIANCE.NS,1177.5,1180.63,1.0,1177.5,3.14,0.27,101.45,HOLD_CLOSE,1133.96,1264.56,0.572,0.777
2025-04-15,RELIANCE.NS,1235.17,1234.37,1.0,1235.17,-0.8,-0.06,100.65,HOLD_CLOSE,1191.19,1323.12,0.551,0.595
2025-04-22,RELIANCE.NS,1286.06,1294.83,1.0,1286.06,8.77,0.68,109.42,HOLD_CLOSE,1242.27,1373.64,0.549,0.666
2025-04-25,RELIANCE.NS,1295.23,1363.35,1.0,1295.23,68.13,5.26,177.55,HOLD_CLOSE,1252.9,1379.87,0.541,0.629
2025-05-09,RELIANCE.NS,1371.72,1430.79,1.0,1371.72,59.06,4.31,236.61,HOLD_CLOSE,1327.26,1460.64,0.482,0.807
2025-05-13,RELIANCE.NS,1410.07,1418.73,1.0,1410.07,8.67,0.61,245.28,HOLD_CLOSE,1361.84,1506.52,0.506,0.797
2025-05-20,RELIANCE.NS,1418.93,1423.51,1.0,1418.93,4.58,0.32,249.86,HOLD_CLOSE,1374.8,1507.2,0.453,0.779
2025-05-21,RELIANCE.NS,1423.51,1403.79,1.0,1423.51,-19.72,-1.39,230.14,HOLD_CLOSE,1380.6,1509.34,0.485,0.775
2025-05-22,RELIANCE.NS,1403.79,1421.12,1.0,1403.79,17.33,1.23,247.47,HOLD_CLOSE,1360.5,1490.39,0.523,0.858
2025-05-23,RELIANCE.NS,1421.12,1429.09,1.0,1421.12,7.97,0.56,255.44,HOLD_CLOSE,1378.02,1507.34,0.532,0.805
2025-05-26,RELIANCE.NS,1429.09,1416.44,1.0,1429.09,-12.65,-0.89,242.79,HOLD_CLOSE,1387.37,1512.54,0.529,0.616
2025-05-27,RELIANCE.NS,1416.44,1407.28,1.0,1416.44,-9.16,-0.65,233.63,HOLD_CLOSE,1375.23,1498.86,0.549,0.795
2025-05-28,RELIANCE.NS,1407.28,1412.16,1.0,1407.28,4.88,0.35,238.51,HOLD_CLOSE,1367.74,1486.35,0.518,0.647
2025-05-29,RELIANCE.NS,1412.16,1415.25,1.0,1412.16,3.09,0.22,241.6,HOLD_CLOSE,1374.23,1488.02,0.543,0.821
2025-05-30,RELIANCE.NS,1415.25,1408.08,1.0,1415.25,-7.17,-0.51,234.43,HOLD_CLOSE,1377.8,1490.15,0.499,0.72
2025-06-03,RELIANCE.NS,1399.91,1417.84,1.0,1399.91,17.93,1.28,252.36,HOLD_CLOSE,1362.65,1474.43,0.521,0.782
2025-06-05,RELIANCE.NS,1436.66,1437.76,1.0,1436.66,1.1,0.08,253.46,HOLD_CLOSE,1399.2,1511.58,0.496,0.648
2025-07-24,RELIANCE.NS,1397.32,1386.16,1.0,1397.32,-11.16,-0.8,242.3,HOLD_CLOSE,1362.16,1467.63,0.546,0.619
2025-07-25,RELIANCE.NS,1386.16,1382.08,1.0,1386.16,-4.08,-0.29,238.22,HOLD_CLOSE,1351.51,1455.47,0.552,0.687
2025-07-29,RELIANCE.NS,1411.46,1404.49,1.0,1411.46,-6.97,-0.49,231.25,HOLD_CLOSE,1375.36,1483.68,0.566,0.745
2025-07-31,RELIANCE.NS,1384.67,1388.16,1.0,1384.67,3.49,0.25,234.74,HOLD_CLOSE,1348.38,1457.25,0.564,0.73
2025-08-01,RELIANCE.NS,1388.16,1405.89,1.0,1388.16,17.73,1.28,252.47,HOLD_CLOSE,1352.15,1460.16,0.55,0.585
2025-08-12,RELIANCE.NS,1374.91,1377.1,1.0,1374.91,2.19,0.16,254.66,HOLD_CLOSE,1338.25,1448.23,0.553,0.575
2025-08-18,RELIANCE.NS,1381.7,1420.1,1.0,1381.7,38.4,2.78,293.06,HOLD_CLOSE,1347.72,1449.66,0.565,0.727
2025-08-19,RELIANCE.NS,1420.1,1413.0,1.0,1420.1,-7.1,-0.5,285.96,HOLD_CLOSE,1384.33,1491.63,0.562,0.58
2025-08-20,RELIANCE.NS,1413.0,1424.8,1.0,1413.0,11.8,0.84,297.76,HOLD_CLOSE,1378.19,1482.62,0.555,0.818
2025-08-22,RELIANCE.NS,1409.2,1412.6,1.0,1409.2,3.4,0.24,301.16,HOLD_CLOSE,1375.5,1476.61,0.526,0.607
2025-08-26,RELIANCE.NS,1384.9,1385.9,1.0,1384.9,1.0,0.07,302.16,HOLD_CLOSE,1351.14,1452.41,0.57,0.74
2025-08-28,RELIANCE.NS,1385.9,1351.8,1.0,1385.9,-34.1,-2.46,268.06,STOP_LOSS,1351.8,1454.1,0.569,0.793
2025-09-02,RELIANCE.NS,1366.5,1372.6,1.0,1366.5,6.1,0.45,274.16,HOLD_CLOSE,1328.73,1442.04,0.563,0.629
2025-09-04,RELIANCE.NS,1359.3,1375.0,1.0,1359.3,15.7,1.16,289.86,HOLD_CLOSE,1323.33,1431.24,0.545,0.613
2025-09-09,RELIANCE.NS,1376.2,1377.0,1.0,1376.2,0.8,0.06,290.66,HOLD_CLOSE,1342.7,1443.19,0.556,0.721
2025-09-11,RELIANCE.NS,1383.3,1395.0,1.0,1383.3,11.7,0.85,302.36,HOLD_CLOSE,1351.86,1446.18,0.559,0.803
2025-09-16,RELIANCE.NS,1405.3,1413.8,1.0,1405.3,8.5,0.6,310.86,HOLD_CLOSE,1376.4,1463.09,0.54,0.658
2025-09-19,RELIANCE.NS,1407.4,1390.6,1.0,1407.4,-16.8,-1.19,294.06,HOLD_CLOSE,1380.7,1460.81,0.56,0.686
2025-09-23,RELIANCE.NS,1389.8,1383.0,1.0,1389.8,-6.8,-0.49,287.26,HOLD_CLOSE,1362.57,1444.27,0.567,0.726
2025-09-24,RELIANCE.NS,1383.0,1372.4,1.0,1383.0,-10.6,-0.77,276.66,HOLD_CLOSE,1356.04,1436.92,0.517,0.619
2025-09-25,RELIANCE.NS,1372.4,1377.6,1.0,1372.4,5.2,0.38,281.86,HOLD_CLOSE,1345.71,1425.79,0.582,0.796
2025-09-26,RELIANCE.NS,1377.6,1372.8,1.0,1377.6,-4.8,-0.35,277.06,HOLD_CLOSE,1351.02,1430.75,0.574,0.819
2025-09-29,RELIANCE.NS,1372.8,1364.0,1.0,1372.8,-8.8,-0.64,268.26,HOLD_CLOSE,1345.87,1426.66,0.571,0.815
2025-09-30,RELIANCE.NS,1364.0,1368.7,1.0,1364.0,4.7,0.34,272.96,HOLD_CLOSE,1337.46,1417.07,0.544,0.697
2025-10-01,RELIANCE.NS,1368.7,1363.4,1.0,1368.7,-5.3,-0.39,267.66,HOLD_CLOSE,1342.36,1421.39,0.567,0.752
2025-10-03,RELIANCE.NS,1363.4,1375.0,1.0,1363.4,11.6,0.85,279.26,HOLD_CLOSE,1337.36,1415.48,0.548,0.602
2025-10-06,RELIANCE.NS,1375.0,1384.8,1.0,1375.0,9.8,0.71,289.06,HOLD_CLOSE,1348.85,1427.3,0.566,0.755
2025-10-07,RELIANCE.NS,1384.8,1367.4,1.0,1384.8,-17.4,-1.26,271.66,HOLD_CLOSE,1358.28,1437.84,0.579,0.789
2025-10-08,RELIANCE.NS,1367.4,1377.8,1.0,1367.4,10.4,0.76,282.06,HOLD_CLOSE,1340.15,1421.9,0.543,0.767
2025-10-09,RELIANCE.NS,1377.8,1381.7,1.0,1377.8,3.9,0.28,285.96,HOLD_CLOSE,1351.14,1431.11,0.563,0.822
2025-10-10,RELIANCE.NS,1381.7,1375.0,1.0,1381.7,-6.7,-0.48,279.26,HOLD_CLOSE,1355.57,1433.97,0.537,0.582
2025-10-14,RELIANCE.NS,1375.9,1374.3,1.0,1375.9,-1.6,-0.12,277.66,HOLD_CLOSE,1350.07,1427.57,0.55,0.568
2025-10-15,RELIANCE.NS,1374.3,1398.3,1.0,1374.3,24.0,1.75,301.66,HOLD_CLOSE,1349.1,1424.7,0.564,0.701
2025-10-16,RELIANCE.NS,1398.3,1416.8,1.0,1398.3,18.5,1.32,320.16,HOLD_CLOSE,1372.09,1450.71,0.561,0.569
2025-10-20,RELIANCE.NS,1466.8,1465.2,1.0,1466.8,-1.6,-0.11,318.56,HOLD_CLOSE,1435.61,1529.18,0.55,0.661
2025-10-21,RELIANCE.NS,1465.2,1448.4,1.0,1465.2,-16.8,-1.15,301.76,HOLD_CLOSE,1434.74,1526.13,0.554,0.615
2025-10-23,RELIANCE.NS,1448.4,1451.6,1.0,1448.4,3.2,0.22,304.96,HOLD_CLOSE,1416.01,1513.18,0.558,0.665
2025-11-04,RELIANCE.NS,1473.1,1496.1,1.0,1473.1,23.0,1.56,327.96,HOLD_CLOSE,1441.8,1535.7,0.561,0.893
2025-11-06,RELIANCE.NS,1496.1,1478.0,1.0,1496.1,-18.1,-1.21,309.86,HOLD_CLOSE,1463.98,1560.33,0.534,0.8
2025-12-16,RELIANCE.NS,1542.3,1544.4,1.0,1542.3,2.1,0.14,311.96,HOLD_CLOSE,1510.93,1605.03,0.415,0.697
2026-01-16,RELIANCE.NS,1457.9,1420.55,1.0,1457.9,-37.35,-2.56,274.61,STOP_LOSS,1420.55,1532.59,0.515,0.712
2026-01-19,RELIANCE.NS,1413.6,1394.0,1.0,1413.6,-19.6,-1.39,255.01,HOLD_CLOSE,1373.07,1494.66,0.549,0.715
2026-01-20,RELIANCE.NS,1394.0,1404.6,1.0,1394.0,10.6,0.76,265.61,HOLD_CLOSE,1353.58,1474.84,0.581,0.847
2026-01-21,RELIANCE.NS,1404.6,1402.5,1.0,1404.6,-2.1,-0.15,263.51,HOLD_CLOSE,1362.79,1488.21,0.581,0.781
2026-01-22,RELIANCE.NS,1402.5,1386.1,1.0,1402.5,-16.4,-1.17,247.11,HOLD_CLOSE,1361.05,1485.39,0.607,0.806
2026-01-23,RELIANCE.NS,1386.1,1380.5,1.0,1386.1,-5.6,-0.4,241.51,HOLD_CLOSE,1344.83,1468.64,0.593,0.743
2026-01-27,RELIANCE.NS,1380.5,1396.7,1.0,1380.5,16.2,1.17,257.71,HOLD_CLOSE,1339.65,1462.2,0.597,0.807
2026-01-28,RELIANCE.NS,1396.7,1391.0,1.0,1396.7,-5.7,-0.41,252.01,HOLD_CLOSE,1355.62,1478.87,0.557,0.7
2026-01-29,RELIANCE.NS,1391.0,1395.4,1.0,1391.0,4.4,0.32,256.41,HOLD_CLOSE,1350.83,1471.35,0.602,0.768
2026-02-02,RELIANCE.NS,1390.4,1476.4,1.0,1390.4,86.0,6.18,342.41,TARGET_HIT,1347.4,1476.4,0.624,0.818
2026-02-03,RELIANCE.NS,1437.1,1456.8,1.0,1437.1,19.7,1.37,362.11,HOLD_CLOSE,1386.56,1538.19,0.572,0.708
2026-02-04,RELIANCE.NS,1456.8,1443.4,1.0,1456.8,-13.4,-0.92,348.71,HOLD_CLOSE,1406.98,1556.43,0.568,0.549
2026-02-05,RELIANCE.NS,1443.4,1450.8,1.0,1443.4,7.4,0.51,356.11,HOLD_CLOSE,1394.78,1540.63,0.584,0.757
2026-02-06,RELIANCE.NS,1450.8,1461.6,1.0,1450.8,10.8,0.74,366.91,HOLD_CLOSE,1403.59,1545.22,0.574,0.605
2026-02-09,RELIANCE.NS,1461.6,1458.5,1.0,1461.6,-3.1,-0.21,363.81,HOLD_CLOSE,1416.14,1552.51,0.605,0.624
2026-02-12,RELIANCE.NS,1448.9,1419.6,1.0,1448.9,-29.3,-2.02,334.51,HOLD_CLOSE,1406.19,1534.32,0.545,0.678
2026-02-16,RELIANCE.NS,1437.1,1423.0,1.0,1437.1,-14.1,-0.98,320.41,HOLD_CLOSE,1393.6,1524.09,0.62,0.721
2026-02-17,RELIANCE.NS,1423.0,1441.3,1.0,1423.0,18.3,1.29,338.71,HOLD_CLOSE,1380.63,1507.74,0.559,0.719
2026-02-18,RELIANCE.NS,1441.3,1409.5,1.0,1441.3,-31.8,-2.21,306.91,HOLD_CLOSE,1399.5,1524.9,0.614,0.702
2026-02-19,RELIANCE.NS,1409.5,1419.4,1.0,1409.5,9.9,0.7,316.81,HOLD_CLOSE,1366.08,1496.34,0.629,0.793
2026-02-24,RELIANCE.NS,1428.8,1398.5,1.0,1428.8,-30.3,-2.12,286.51,HOLD_CLOSE,1388.46,1509.49,0.607,0.572
---,=== SUMMARY ===,,,,,,,,,,,,
,Starting Capital,,,,1000.0,,,,,,,,
,Total Invested,,,,267967.05,,,,,,,,
,Total Trades,,,305.0,,,,,,,,,
,Winning Trades,,,162.0,,,,,,,,,
,Losing Trades,,,143.0,,,,,,,,,
,Win Rate %,,,,,,53.11,,,,,,
,Total Profit/Loss,,,,,286.47,,,,,,,
,Return on Capital %,,,,,,28.65,,,,,,
,Avg PnL per Trade,,,,,0.94,,,,,,,
,Best Trade,,,,,86.0,,,,,,,
,Worst Trade,,,,,-37.35,,,,,,,
,Max Drawdown,,,,,122.61,,,,,,,
,Final Capital,,,,1286.47,,,,,,,,
,Net PROFIT,,,,,286.47,28.65,,,,,,
