symbol,rf_prob,xgb_prob,lstm_prob,intraday_prob,sentiment,avg_prob,votes,rank,date
RELIANCE.NS,0.6246534641574261,0.7011668086051941,0.5019694566726685,0.4833836555480957,-0.158,0.5777933462458461,1,1,2026-10-01
SBIN.NS,0.49672903431731735,0.6932857036590576,0.511319637298584,0.4664659798145294,-0.1606,0.541950088772372,1,2,2026-10-01
HDFCBANK.NS,0.5603556246504694,0.6283990144729614,0.5195990800857544,0.4576500952243805,-0.1606,0.5415009536083915,0,3,2026-10-01
NTPC.NS,0.5116719138404329,0.645653247833252,0.5044004321098328,0.4807981848716736,-0.158,0.5356309446637978,0,4,2026-10-01
POWERGRID.NS,0.5806980769312442,0.5595123767852783,0.502796471118927,0.47533321380615234,-0.158,0.5295850346604005,0,5,2026-10-01
TCS.NS,0.4354433766150332,0.6116960644721985,0.4970741868019104,0.494344025850296,-0.158,0.5096394134348595,0,6,2026-10-01
ICICIBANK.NS,0.50381915010733,0.54817795753479,0.47781163454055786,0.47801336646080017,-0.1606,0.5019555271608696,0,7,2026-10-01
INFY.NS,0.5021743572646422,0.32945382595062256,0.5015607476234436,0.4830574691295624,-0.158,0.4540615999920677,0,8,2026-10-01
TATASTEEL.NS,0.40893500195869953,0.2529745101928711,0.47226861119270325,0.48916587233543396,-0.158,0.40583599891992694,0,9,2026-10-01
COALINDIA.NS,0.3355080431295687,0.2894580066204071,0.514811098575592,0.4617597758769989,-0.158,0.4003842310506417,0,10,2026-10-01
